{"designerVersion":"1.0.3","favorite":false,"id":"layout-page","name":"LivingApplicationLayoutPage","type":"layout","lastUpdate":1450709594012,"rows":[[{"type":"component","dimension":{"lg":12,"md":12,"sm":12,"xs":12},"propertyValues":{"cssClasses":{"type":"constant","value":""},"hidden":{"type":"constant","value":false},"targetUrl":{"type":"variable","value":"targetedPageUrl"},"sticky":{"type":"constant","value":true}},"reference":"c49a2cd8-39d5-4bef-a264-c0e18ed3ba3c","id":"customLivingApplicationMenu"}],[{"type":"component","dimension":{"lg":12,"md":12,"sm":12,"xs":12},"propertyValues":{"cssClasses":{"type":"constant","value":""},"hidden":{"type":"constant","value":false},"src":{"type":"expression","value":"targetedPageUrl"},"contentHeight":{"type":"constant","value":"700px;"}},"reference":"9cd7cd7e-d548-410a-aaa3-4318f9280818","id":"customLivingApplicationIFrame"}]],"assets":[{"id":"27b2007f-d336-4f20-b640-5810f7a8af54","name":"layout.js","type":"js","order":0,"active":true}],"inactiveAssets":[],"data":{"AuthorizeApplicationAPI":{"type":"url","value":"../API/living/application","exposed":false},"AuthorizeApplicationPageAPI":{"type":"url","value":"../API/living/application-page","exposed":false},"AuthorizeApplicationMenuAPI":{"type":"url","value":"../API/living/application-menu","exposed":false},"targetedPageUrl":{"type":"constant","value":"","exposed":false}}}